"#n iters","initial #n node","rule"
8,15,"step_split_merge"

"#n thread per rank","#n task per node","#n node","","#n object","#n symb. object","total_proba","","execution time","pre-symbolic","symbolic_iteration","collisions","pre-final","final_iteration","communication","","time inbalance","NoO inbalance","NoO symb. inbalance"
1,64,1,,81339008,2780182848,4.401820e-02,,49.714663,5.655056000000001,22.414863,14.624565999999998,2.275,1.0961859999999999,2.442238,,7.105853,0.00040675335727963354,0.05874784417325935
1,32,1,,81339008,2775242176,4.411550e-02,,90.509471,10.011546000000001,44.31623,23.762217,3.6342489999999996,1.86974,3.940715,,7.421597,0.00037339118463046786,0.06014623718074122
1,16,1,,81339008,2788194192,4.428120e-02,,175.476955,18.344144,89.390018,43.934623,6.635126,3.9379999999999997,7.0568159999999995,,7.326448,0.00048181010424618617,0.06502545861639672
1,8,1,,81339008,2802227472,4.436410e-02,,307.013155,35.057589,178.827503,61.143901,7.954484,7.001555000000001,9.643953999999999,,5.306717,0.0007402526450999445,0.05643756404255289
1,4,1,,81339008,2812167956,4.438870e-02,,580.791747,66.724795,362.677239,102.99458,13.399185000000001,15.184101,14.712394000000002,,3.161616,0.000390072549322275,0.03622890746719598
1,2,1,,81339008,2867463304,4.405690e-02,,1167.502936,128.89018000000002,742.913581,184.339036,28.618266,28.470631,20.059556,,4.415755,0.00021071869679874488,0.04529601053412721
1,1,1,,81339008,2932353195,4.400460e-02,,2160.238265,248.942625,1507.889597,289.51361299999996,53.965581,54.287429,0.0,,0.0,0.0,0.0