"#n iters","initial #n node","rule"
7,15,"step_split_merge"

"#n thread per rank","#n task per node","#n node","#n object","total_proba","execution time","pre-symbolic","symbolic_iteration","collisions","pre-final","final_iteration","communication"
1,64,1,61381537,1.764730e-04,33.145692,3.9065760000000003,14.075353,10.240176000000002,1.458278,0.75905,1.782851
1,32,1,61381537,1.772280e-04,59.560925,6.847497999999999,27.792948,16.659319,2.3901190000000003,1.319841,2.924425
1,16,1,61381537,1.798410e-04,115.104804,12.402565000000001,55.888194,30.753079,4.4447410000000005,2.709706,5.203404
1,8,1,61381537,1.841720e-04,199.443677,23.673332000000002,111.732447,42.222463,5.207583,4.490765000000001,6.750722
1,4,1,61381537,1.841400e-04,382.724361,45.09261299999999,228.998278,70.50189,8.941633,9.899584,10.833866
1,2,1,61381537,1.813260e-04,739.770305,85.647204,457.358111,122.69063799999999,18.319784,18.597718,13.010421000000001
1,1,1,61381537,1.805270e-04,1363.695385,163.035344,939.730448,186.692005,34.560095,35.995939,0.0