"#n iters","initial #n node","rule"
7,15,"step_erase_create"

"#n thread per rank","#n task per node","#n node","#n object","total_proba","execution time","pre-symbolic","symbolic_iteration","collisions","pre-final","final_iteration","communication"
1,64,1,10062629,7.434790e-08,48.781178,1.609856,19.16111,24.235838,0.196249,0.061463,3.704709
1,32,1,10082129,8.738920e-08,87.688729,2.663653,38.512585,39.659102,0.374834,0.103079,5.925137
1,16,1,10082129,9.476000e-08,170.075497,5.022991000000001,77.077394,74.20548099999999,0.7431909999999999,0.21015,10.671738
1,8,1,10082129,7.871090e-08,273.27794,7.116594999999999,152.263329,101.033029,0.9207339999999999,0.348588,12.650325
1,4,1,10082129,1.376280e-07,518.567508,11.036954,313.980606,170.83783,1.557013,0.660582,17.506254000000002
1,2,1,10082129,8.432560e-08,962.696226,19.196008,622.108712,294.40517300000005,3.083772,1.0807280000000001,18.821004
1,1,1,10082129,1.179840e-07,1959.956558,36.48807,1276.533109,639.164309,5.655003000000001,1.960537,0.0