"#n iters","initial #n node","rule"
8,15,"step_erase_create"

"#n thread per rank","#n task per node","#n node","","#n object","#n symb. object","total_proba","","execution time","pre-symbolic","symbolic_iteration","collisions","pre-final","final_iteration","communication","","time inbalance","NoO inbalance","NoO symb. inbalance"
1,64,1,,10000000,4956044416,1.796240e-02,,46.302457,1.509082,17.871822,23.329525,0.237428,0.056194,3.265183,,7.089807,0.0,0.05436839359746557
1,32,1,,10000000,4963664576,1.771460e-02,,83.582803,2.5464350000000002,35.588647,38.135580000000004,0.446996,0.090896,5.3195190000000006,,8.085486,0.0,0.045301444289868736
1,16,1,,10000000,4974702928,1.796840e-02,,162.195172,4.857405,71.27449,71.21065899999999,0.878943,0.188586,9.487359999999999,,8.484902,0.0,0.042510579013319345
1,8,1,,10000000,4906480344,1.708400e-02,,258.885549,7.204936999999999,140.051339,98.94142799999999,1.059997,0.326874,11.454276,,4.354916,0.0,0.047431918349779376
1,4,1,,10000000,5146895808,1.987600e-02,,497.655095,11.811016,294.026529,170.653409,1.794562,0.611383,15.806339,,3.760482,0.0,0.03721005737497203
1,2,1,,10000000,4909066340,1.581440e-02,,888.589274,20.773944,560.039241,284.504711,3.546497,0.957659,16.331629,,2.102444,0.0,0.016369647255342044
1,1,1,,10000000,5207574004,1.932910e-02,,1857.257267,39.041066,1187.248878,622.674757,6.392916,1.733635,0.0,,0.0,0.0,0.0