"#n iters","initial #n node","rule"
7,15,"step_erase_create"

"#n thread per rank","#n task per node","#n node","#n object","execution time","pre-symbolic","symbolic_iteration","collisions","pre-final","final_iteration","communication"
1,64,1,2000000,49.471459,1.604711,20.028726,24.172673,0.195653,0.060797,3.644539
1,32,1,2000000,89.449888,2.662159,40.287631,39.593822,0.374003,0.102623,5.871403
1,16,1,2000000,174.031309,5.040346,80.523753,73.940713,0.741852,0.208741,10.621727
1,8,1,2000000,283.680799,7.438534,159.44617,102.577084,0.919035,0.351553,12.697305
1,4,1,2000000,534.523298,11.34519,328.520607,171.567308,1.562411,0.667988,17.717727
1,2,1,2000000,992.647448,19.803027,651.628829,294.125918,3.075276,1.092407,18.627347
1,1,1,2000000,2020.738899,36.785947,1335.435659,640.777989,5.60556,1.970568,0.0