"#n iters","initial #n node","rule"
8,15,"step_split_merge"

"#n thread per rank","#n task per node","#n node","#n object","execution time","pre-symbolic","symbolic_iteration","collisions","pre-final","final_iteration","communication"
1,64,1,20000000,50.286727,5.664754,22.262626,14.624992,2.288381,1.11386,2.448948
1,32,1,20000000,89.722346,10.014262,44.010054,23.742013,3.654103,1.914131,3.941311
1,16,1,20000000,174.230752,18.334774,88.614499,44.023638,6.646977,3.997346,7.108132
1,8,1,20000000,305.254027,35.057784,177.604021,61.32007,7.969458,7.130968,9.684492
1,4,1,20000000,579.115253,67.18795,359.849208,103.426424,13.234026,15.516473,15.001642
1,2,1,20000000,1156.417634,128.583559,734.59486,186.394229,27.903397,29.006117,19.847079
1,1,1,20000000,2140.680879,248.67743,1494.935642,281.716985,54.257274,55.465264,0.0