"#n iters","initial #n node","rule"
10,14,"step_split_merge"

"file_base","#n thread per rank","#n task per node","#n node","","#n object","#n symb. object","total_proba","","execution time","pre-symbolic-iteration","symbolic-iteration","collisions","pre-object-generation","object-generation","communication","","time inbalance","NoO inbalance","NoO symb. inbalance"
"work_steal",1,36,35,,10538269285,50775452280,3.440610e-01,,70.533681,6.179462000000001,25.00622,12.176609,10.197302,8.434308999999999,6.967766,,0.346134,0.4162971544138252,0.32483868049161174
"noLB",1,36,35,,10535320547,50755296060,3.426440e-01,,70.274941,6.07423,24.775467,11.954685999999999,10.271637,8.480228,7.045433,,0.335673,0.41702189099335807,0.3242693798996628
"fullLB",1,36,35,,10663673296,49546401660,3.492190e-01,,67.859589,6.207586999999999,22.015139,11.421081000000001,9.056763,8.402837,9.095604,,0.259878,0.166648467402154,0.16383600439249335
"balance",1,36,35,,10672047871,49534000740,3.500820e-01,,68.300698,6.259723999999999,22.449899,11.74577,9.101462999999999,8.235386,8.990852,,0.264983,0.15842365670061415,0.16974166540943933