"#n iters","initial #n node","rule"
13,14,"step_erase_create"

"file_base","#n thread per rank","#n task per node","#n node","","#n object","#n symb. object","total_proba","","execution time","pre-symbolic-iteration","symbolic-iteration","collisions","pre-object-generation","object-generation","communication","","time inbalance","NoO inbalance","NoO symb. inbalance"
"work_steal",1,36,35,,72127552,24321438540,1.000000e+00,,15.615994,0.324228,5.520022,4.259888,0.05427800000000001,0.04667,4.478324000000001,,0.253845,0.23707223575450226,0.31649991045307635
"noLB",1,36,35,,72124562,23169623400,9.967150e-01,,44.240648,0.9756460000000001,27.092062,10.250254,0.165538,0.17411,4.249573000000001,,3.036885,20.371862707904878,5.684539652034223
"fullLB",1,36,35,,72127552,24321438540,1.000000e+00,,13.647579,0.31485599999999997,4.568077,4.117558,0.053279,0.038120999999999995,3.680018,,0.162985,0.12460567823343849,0.05779923657426885
"balance",1,36,35,,72127552,24321438540,1.000000e+00,,13.747469,0.3441449999999999,4.468853,3.980628,0.063974,0.053504,3.7769369999999998,,0.170876,3.4317174459928923,0.059124075150202855